Designator,Comment,Layer,Center-X(mm),Center-Y(mm),Rotation,Description,Package / Case,Supplier 1
R18,20k,TopLayer,52.451,2.286,180,Chip Resistor - Surface Mount 20KOhms ?1% 1/8W 0805 RoHS,0805 (2012 Metric),LCSC
R17,20k,TopLayer,48.895,2.286,360,Chip Resistor - Surface Mount 20KOhms ?1% 1/8W 0805 RoHS,0805 (2012 Metric),LCSC
R15,5.1,TopLayer,52.705,12.954,0,Chip Resistor - Surface Mount 5.1Ohms ?1% 1/8W 0805 RoHS,0805 (2012 Metric),LCSC
R13,91k,TopLayer,35.814,18.161,270,Chip Resistor - Surface Mount 91KOhms ?1% 1/8W 0805 RoHS,0805 (2012 Metric),LCSC
R12,5.6k,TopLayer,36.322,15.466,180,Chip Resistor - Surface Mount 5.6KOhms ?1% 1/8W 0805 RoHS,0805 (2012 Metric),LCSC
R11,5.6k,TopLayer,29.694,3.102,270,Chip Resistor - Surface Mount 5.6KOhms ?1% 1/8W 0805 RoHS,0805 (2012 Metric),LCSC
R10,33,TopLayer,36.322,13.561,180,Chip Resistor - Surface Mount 33Ohms ?1% 1/8W 0805 RoHS,0805 (2012 Metric),LCSC
R9,33,TopLayer,31.739,3.102,270,Chip Resistor - Surface Mount 33Ohms ?1% 1/8W 0805 RoHS,0805 (2012 Metric),LCSC
R8,22k,TopLayer,33.757,3.102,270,Chip Resistor - Surface Mount 22KOhms ?1% 1/8W 0805 RoHS,0805 (2012 Metric),LCSC
R7,100k,TopLayer,12.446,2.794,90,Chip Resistor - Surface Mount 100KOhms ?1% 1/8W 0805 RoHS,0805 (2012 Metric),LCSC
R5,22k,TopLayer,36.576,2.286,360,Chip Resistor - Surface Mount 22KOhms ?1% 1/8W 0805 RoHS,0805 (2012 Metric),LCSC
R3,100k,TopLayer,13.462,5.517,180,Chip Resistor - Surface Mount 100KOhms ?1% 1/8W 0805 RoHS,0805 (2012 Metric),LCSC
R2,22k,TopLayer,24.854,4.243,270,Chip Resistor - Surface Mount 22KOhms ?1% 1/8W 0805 RoHS,0805 (2012 Metric),LCSC
C17,22uF,TopLayer,60.002,12.7,270,Multilayer Ceramic Capacitors MLCC - SMD/SMT 22uF 25V 0805 RoHS,0805 (2012 Metric),LCSC
C16,100nF,TopLayer,61.976,12.7,270,Multilayer Ceramic Capacitors MLCC - SMD/SMT 100nF 50V 0805 RoHS,0805 (2012 Metric),LCSC
C12,1uF,TopLayer,48.514,12.7,180,Multilayer Ceramic Capacitors MLCC - SMD/SMT 100nF 50V 0805 RoHS,0805 (2012 Metric),LCSC
C15,22uF,TopLayer,54.088,5.834,90,Multilayer Ceramic Capacitors MLCC - SMD/SMT 22uF 25V 0805 RoHS,0805 (2012 Metric),LCSC
C14,100nF,TopLayer,54.102,9.39,90,Multilayer Ceramic Capacitors MLCC - SMD/SMT 100nF 50V 0805 RoHS,0805 (2012 Metric),LCSC
C13,470nF,TopLayer,56.261,12.954,180,Multilayer Ceramic Capacitors MLCC - SMD/SMT 470nF 50V 0805 RoHS,0805 (2012 Metric),LCSC
C10,100nF,TopLayer,35.814,21.336,270,Multilayer Ceramic Capacitors MLCC - SMD/SMT 100nF 50V 0805 RoHS,0805 (2012 Metric),LCSC
C9,220nF,TopLayer,30.734,5.842,360,Multilayer Ceramic Capacitors MLCC - SMD/SMT 220nF 50V 0805 RoHS,0805 (2012 Metric),LCSC
C8,2.2uF,TopLayer,25.908,7.112,360,Multilayer Ceramic Capacitors MLCC - SMD/SMT 2.2uF 50V 0805 RoHS,0805 (2012 Metric),LCSC
C7,2.2uF,TopLayer,21.844,3.556,270,Multilayer Ceramic Capacitors MLCC - SMD/SMT 2.2uF 50V 0805 RoHS,0805 (2012 Metric),LCSC
C6,4.7uF,TopLayer,12.329,10.025,270,Multilayer Ceramic Capacitors MLCC - SMD/SMT 4.7uF 25V 0805 RoHS,0805 (2012 Metric),LCSC
C5,100nF,TopLayer,14.478,2.794,90,Multilayer Ceramic Capacitors MLCC - SMD/SMT 100nF 50V 0805 RoHS,0805 (2012 Metric),LCSC
C4,330pF,TopLayer,26.924,4.243,90,Multilayer Ceramic Capacitors MLCC - SMD/SMT 330pF 50V 0805 RoHS,0805 (2012 Metric),LCSC
C3,22uF,TopLayer,25.908,9.093,180,Multilayer Ceramic Capacitors MLCC - SMD/SMT 22uF 25V 0805 RoHS,0805 (2012 Metric),LCSC
C2,100nF,TopLayer,25.908,11.049,180,Multilayer Ceramic Capacitors MLCC - SMD/SMT 100nF 50V 0805 RoHS,0805 (2012 Metric),LCSC
C1,330pF,TopLayer,14.351,10.025,90,Multilayer Ceramic Capacitors MLCC - SMD/SMT 330pF 50V 0805 RoHS,0805 (2012 Metric),LCSC
R16,180,TopLayer,3.683,13.462,270,Chip Resistor - Surface Mount 180Ohms ?1% 1/8W 0805 RoHS,0805 (2012 Metric),LCSC
R6,5.6K,TopLayer,6.477,12.587,180,Chip Resistor - Surface Mount 5.6KOhms ?1% 1/8W 0805 RoHS,0805 (2012 Metric),LCSC
D1,Red,TopLayer,1.402,13.462,90,LIGHT EMITTING DIODES (LED) RED 615~630NM 67~195MCD@20MA TOP VIEW 0805 ROHS,0805 (2012 Metric),LCSC
